from,to,distance
TMU M01 020.0 N,TMU M01 020.0 N,0
TMU M01 020.0 N,TMU M01 010.0 S,7648
TMU M01 020.0 N,TMU M01 006.0 N,20400
TMU M01 020.0 N,TMU M01 005.0 N,17778
TMU M01 020.0 N,TMU N01 000.0 N,17754
TMU M01 020.0 N,TMU M01 000.0 N,24712
TMU M01 020.0 N,TMU M50 001.7N,23343
TMU M01 020.0 N,TMU R108 000.0 N,21708
TMU M01 020.0 N,TMU R108 000.0 N1,21935
TMU M01 020.0 N,TMU M50 005.0 N,26965
TMU M01 020.0 N,TMU M02 000.0 N,25637
TMU M01 020.0 N,TMU M50 010.0 N,31064
TMU M01 020.0 N,TMU N03 000.0 N,30505
TMU M01 020.0 N,TMU N03 005.0 S,34518
TMU M01 020.0 N,TMU M50 000.0 N,20902
TMU M01 020.0 N,TMU N01 040.0 S,20976
TMU M01 020.0 N,TMU M50 015.0 S,30021
TMU M01 020.0 N,TMU N04 000.0 W,32679
TMU M01 020.0 N,TMU N04 000.0 E,37187
TMU M01 020.0 N,TMU M50 020.0 N,42746
TMU M01 020.0 N,TMU N07 001.0 E,39039
TMU M01 020.0 N,TMU N07 005.0 E,42731
TMU M01 020.0 N,TMU N07 006.0 E,45639
TMU M01 020.0 N,TMU M50 015.0 N,36989
TMU M01 020.0 N,TMU M50 025.0 S,39277
TMU M01 020.0 N,TMU N81 000.0 N,43231
TMU M01 020.0 N,TMU M50 025.0 N,42855
TMU M01 020.0 N,TMU M50 030.0 S,51019
TMU M01 020.0 N,TMU M50 035.0 S,48191
TMU M01 020.0 N,TMU N31 000.0 E,51360
TMU M01 020.0 N,TMU N31 005.0 E,33654
TMU M01 020.0 N,TMU M50 040.0 S,51452
TMU M01 020.0 N,TMU M11 010.0 N,60859
TMU M01 010.0 S,TMU M01 020.0 N,12530
TMU M01 010.0 S,TMU M01 010.0 S,0
TMU M01 010.0 S,TMU M01 006.0 N,12753
TMU M01 010.0 S,TMU M01 005.0 N,10131
TMU M01 010.0 S,TMU N01 000.0 N,10107
TMU M01 010.0 S,TMU M01 000.0 N,17064
TMU M01 010.0 S,TMU M50 001.7N,15695
TMU M01 010.0 S,TMU R108 000.0 N,14060
TMU M01 010.0 S,TMU R108 000.0 N1,14288
TMU M01 010.0 S,TMU M50 005.0 N,19317
TMU M01 010.0 S,TMU M02 000.0 N,17989
TMU M01 010.0 S,TMU M50 010.0 N,23416
TMU M01 010.0 S,TMU N03 000.0 N,22857
TMU M01 010.0 S,TMU N03 005.0 S,26870
TMU M01 010.0 S,TMU M50 000.0 N,13254
TMU M01 010.0 S,TMU N01 040.0 S,13328
TMU M01 010.0 S,TMU M50 015.0 S,22373
TMU M01 010.0 S,TMU N04 000.0 W,25031
TMU M01 010.0 S,TMU N04 000.0 E,29539
TMU M01 010.0 S,TMU M50 020.0 N,35098
TMU M01 010.0 S,TMU N07 001.0 E,31391
TMU M01 010.0 S,TMU N07 005.0 E,35083
TMU M01 010.0 S,TMU N07 006.0 E,37991
TMU M01 010.0 S,TMU M50 015.0 N,29341
TMU M01 010.0 S,TMU M50 025.0 S,31629
TMU M01 010.0 S,TMU N81 000.0 N,35583
TMU M01 010.0 S,TMU M50 025.0 N,35207
TMU M01 010.0 S,TMU M50 030.0 S,43371
TMU M01 010.0 S,TMU M50 035.0 S,40543
TMU M01 010.0 S,TMU N31 000.0 E,43712
TMU M01 010.0 S,TMU N31 005.0 E,26006
TMU M01 010.0 S,TMU M50 040.0 S,43804
TMU M01 010.0 S,TMU M11 010.0 N,53211
TMU M01 006.0 N,TMU M01 020.0 N,11504
TMU M01 006.0 N,TMU M01 010.0 S,19153
TMU M01 006.0 N,TMU M01 006.0 N,0
TMU M01 006.0 N,TMU M01 005.0 N,9856
TMU M01 006.0 N,TMU N01 000.0 N,8400
TMU M01 006.0 N,TMU M01 000.0 N,16789
TMU M01 006.0 N,TMU M50 001.7N,15420
TMU M01 006.0 N,TMU R108 000.0 N,13785
TMU M01 006.0 N,TMU R108 000.0 N1,14012
TMU M01 006.0 N,TMU M50 005.0 N,19042
TMU M01 006.0 N,TMU M02 000.0 N,17714
TMU M01 006.0 N,TMU M50 010.0 N,23141
TMU M01 006.0 N,TMU N03 000.0 N,22582
TMU M01 006.0 N,TMU N03 005.0 S,26595
TMU M01 006.0 N,TMU M50 000.0 N,12979
TMU M01 006.0 N,TMU N01 040.0 S,13053
TMU M01 006.0 N,TMU M50 015.0 S,22098
TMU M01 006.0 N,TMU N04 000.0 W,24756
TMU M01 006.0 N,TMU N04 000.0 E,29264
TMU M01 006.0 N,TMU M50 020.0 N,34823
TMU M01 006.0 N,TMU N07 001.0 E,31116
TMU M01 006.0 N,TMU N07 005.0 E,34808
TMU M01 006.0 N,TMU N07 006.0 E,37716
TMU M01 006.0 N,TMU M50 015.0 N,29066
TMU M01 006.0 N,TMU M50 025.0 S,31354
TMU M01 006.0 N,TMU N81 000.0 N,35308
TMU M01 006.0 N,TMU M50 025.0 N,34932
TMU M01 006.0 N,TMU M50 030.0 S,43096
TMU M01 006.0 N,TMU M50 035.0 S,40268
TMU M01 006.0 N,TMU N31 000.0 E,43437
TMU M01 006.0 N,TMU N31 005.0 E,25731
TMU M01 006.0 N,TMU M50 040.0 S,43529
TMU M01 006.0 N,TMU M11 010.0 N,52936
TMU M01 005.0 N,TMU M01 020.0 N,14126
TMU M01 005.0 N,TMU M01 010.0 S,21775
TMU M01 005.0 N,TMU M01 006.0 N,2622
TMU M01 005.0 N,TMU M01 005.0 N,0
TMU M01 005.0 N,TMU N01 000.0 N,4369
TMU M01 005.0 N,TMU M01 000.0 N,11327
TMU M01 005.0 N,TMU M50 001.7N,9958
TMU M01 005.0 N,TMU R108 000.0 N,8323
TMU M01 005.0 N,TMU R108 000.0 N1,8550
TMU M01 005.0 N,TMU M50 005.0 N,13580
TMU M01 005.0 N,TMU M02 000.0 N,12252
TMU M01 005.0 N,TMU M50 010.0 N,17679
TMU M01 005.0 N,TMU N03 000.0 N,17120
TMU M01 005.0 N,TMU N03 005.0 S,21133
TMU M01 005.0 N,TMU M50 000.0 N,7517
TMU M01 005.0 N,TMU N01 040.0 S,7591
TMU M01 005.0 N,TMU M50 015.0 S,16636
TMU M01 005.0 N,TMU N04 000.0 W,19294
TMU M01 005.0 N,TMU N04 000.0 E,23802
TMU M01 005.0 N,TMU M50 020.0 N,29361
TMU M01 005.0 N,TMU N07 001.0 E,25654
TMU M01 005.0 N,TMU N07 005.0 E,29346
TMU M01 005.0 N,TMU N07 006.0 E,32254
TMU M01 005.0 N,TMU M50 015.0 N,23604
TMU M01 005.0 N,TMU M50 025.0 S,25892
TMU M01 005.0 N,TMU N81 000.0 N,29846
TMU M01 005.0 N,TMU M50 025.0 N,29470
TMU M01 005.0 N,TMU M50 030.0 S,37634
TMU M01 005.0 N,TMU M50 035.0 S,34806
TMU M01 005.0 N,TMU N31 000.0 E,37975
TMU M01 005.0 N,TMU N31 005.0 E,20269
TMU M01 005.0 N,TMU M50 040.0 S,38067
TMU M01 005.0 N,TMU M11 010.0 N,47474
TMU N01 000.0 N,TMU M01 020.0 N,15650
TMU N01 000.0 N,TMU M01 010.0 S,23299
TMU N01 000.0 N,TMU M01 006.0 N,4146
TMU N01 000.0 N,TMU M01 005.0 N,1524
TMU N01 000.0 N,TMU N01 000.0 N,0
TMU N01 000.0 N,TMU M01 000.0 N,9082
TMU N01 000.0 N,TMU M50 001.7N,7713
TMU N01 000.0 N,TMU R108 000.0 N,6078
TMU N01 000.0 N,TMU R108 000.0 N1,6305
TMU N01 000.0 N,TMU M50 005.0 N,11335
TMU N01 000.0 N,TMU M02 000.0 N,10007
TMU N01 000.0 N,TMU M50 010.0 N,15434
TMU N01 000.0 N,TMU N03 000.0 N,14875
TMU N01 000.0 N,TMU N03 005.0 S,18888
TMU N01 000.0 N,TMU M50 000.0 N,5272
TMU N01 000.0 N,TMU N01 040.0 S,5346
TMU N01 000.0 N,TMU M50 015.0 S,14391
TMU N01 000.0 N,TMU N04 000.0 W,17049
TMU N01 000.0 N,TMU N04 000.0 E,21557
TMU N01 000.0 N,TMU M50 020.0 N,27116
TMU N01 000.0 N,TMU N07 001.0 E,23409
TMU N01 000.0 N,TMU N07 005.0 E,27101
TMU N01 000.0 N,TMU N07 006.0 E,30009
TMU N01 000.0 N,TMU M50 015.0 N,21359
TMU N01 000.0 N,TMU M50 025.0 S,23647
TMU N01 000.0 N,TMU N81 000.0 N,27601
TMU N01 000.0 N,TMU M50 025.0 N,27225
TMU N01 000.0 N,TMU M50 030.0 S,35389
TMU N01 000.0 N,TMU M50 035.0 S,32561
TMU N01 000.0 N,TMU N31 000.0 E,35730
TMU N01 000.0 N,TMU N31 005.0 E,18024
TMU N01 000.0 N,TMU M50 040.0 S,35822
TMU N01 000.0 N,TMU M11 010.0 N,45229
TMU M01 000.0 N,TMU M01 020.0 N,16391
TMU M01 000.0 N,TMU M01 010.0 S,24040
TMU M01 000.0 N,TMU M01 006.0 N,4887
TMU M01 000.0 N,TMU M01 005.0 N,2265
TMU M01 000.0 N,TMU N01 000.0 N,2238
TMU M01 000.0 N,TMU M01 000.0 N,0
TMU M01 000.0 N,TMU M50 001.7N,7687
TMU M01 000.0 N,TMU R108 000.0 N,5503
TMU M01 000.0 N,TMU R108 000.0 N1,10815
TMU M01 000.0 N,TMU M50 005.0 N,13893
TMU M01 000.0 N,TMU M02 000.0 N,14517
TMU M01 000.0 N,TMU M50 010.0 N,19944
TMU M01 000.0 N,TMU N03 000.0 N,19385
TMU M01 000.0 N,TMU N03 005.0 S,23398
TMU M01 000.0 N,TMU M50 000.0 N,9782
TMU M01 000.0 N,TMU N01 040.0 S,9856
TMU M01 000.0 N,TMU M50 015.0 S,18901
TMU M01 000.0 N,TMU N04 000.0 W,21559
TMU M01 000.0 N,TMU N04 000.0 E,26067
TMU M01 000.0 N,TMU M50 020.0 N,31626
TMU M01 000.0 N,TMU N07 001.0 E,27919
TMU M01 000.0 N,TMU N07 005.0 E,31611
TMU M01 000.0 N,TMU N07 006.0 E,34519
TMU M01 000.0 N,TMU M50 015.0 N,25869
TMU M01 000.0 N,TMU M50 025.0 S,28157
TMU M01 000.0 N,TMU N81 000.0 N,32111
TMU M01 000.0 N,TMU M50 025.0 N,31735
TMU M01 000.0 N,TMU M50 030.0 S,39899
TMU M01 000.0 N,TMU M50 035.0 S,37071
TMU M01 000.0 N,TMU N31 000.0 E,40240
TMU M01 000.0 N,TMU N31 005.0 E,22534
TMU M01 000.0 N,TMU M50 040.0 S,40332
TMU M01 000.0 N,TMU M11 010.0 N,49739
TMU M50 001.7N,TMU M01 020.0 N,17760
TMU M50 001.7N,TMU M01 010.0 S,25409
TMU M50 001.7N,TMU M01 006.0 N,6256
TMU M50 001.7N,TMU M01 005.0 N,3634
TMU M50 001.7N,TMU N01 000.0 N,3607
TMU M50 001.7N,TMU M01 000.0 N,1369
TMU M50 001.7N,TMU M50 001.7N,0
TMU M50 001.7N,TMU R108 000.0 N,4115
TMU M50 001.7N,TMU R108 000.0 N1,4343
TMU M50 001.7N,TMU M50 005.0 N,9372
TMU M50 001.7N,TMU M02 000.0 N,8044
TMU M50 001.7N,TMU M50 010.0 N,13471
TMU M50 001.7N,TMU N03 000.0 N,12912
TMU M50 001.7N,TMU N03 005.0 S,16925
TMU M50 001.7N,TMU M50 000.0 N,3781
TMU M50 001.7N,TMU N01 040.0 S,3855
TMU M50 001.7N,TMU M50 015.0 S,12428
TMU M50 001.7N,TMU N04 000.0 W,15086
TMU M50 001.7N,TMU N04 000.0 E,19594
TMU M50 001.7N,TMU M50 020.0 N,25153
TMU M50 001.7N,TMU N07 001.0 E,21446
TMU M50 001.7N,TMU N07 005.0 E,25138
TMU M50 001.7N,TMU N07 006.0 E,28046
TMU M50 001.7N,TMU M50 015.0 N,19396
TMU M50 001.7N,TMU M50 025.0 S,21684
TMU M50 001.7N,TMU N81 000.0 N,25638
TMU M50 001.7N,TMU M50 025.0 N,25262
TMU M50 001.7N,TMU M50 030.0 S,33426
TMU M50 001.7N,TMU M50 035.0 S,30598
TMU M50 001.7N,TMU N31 000.0 E,33767
TMU M50 001.7N,TMU N31 005.0 E,16533
TMU M50 001.7N,TMU M50 040.0 S,33859
TMU M50 001.7N,TMU M11 010.0 N,43266
TMU R108 000.0 N,TMU M01 020.0 N,19944
TMU R108 000.0 N,TMU M01 010.0 S,27593
TMU R108 000.0 N,TMU M01 006.0 N,8440
TMU R108 000.0 N,TMU M01 005.0 N,5818
TMU R108 000.0 N,TMU N01 000.0 N,5791
TMU R108 000.0 N,TMU M01 000.0 N,3553
TMU R108 000.0 N,TMU M50 001.7N,2184
TMU R108 000.0 N,TMU R108 000.0 N,0
TMU R108 000.0 N,TMU R108 000.0 N1,1296
TMU R108 000.0 N,TMU M50 005.0 N,6325
TMU R108 000.0 N,TMU M02 000.0 N,4997
TMU R108 000.0 N,TMU M50 010.0 N,10424
TMU R108 000.0 N,TMU N03 000.0 N,9865
TMU R108 000.0 N,TMU N03 005.0 S,13878
TMU R108 000.0 N,TMU M50 000.0 N,5965
TMU R108 000.0 N,TMU N01 040.0 S,6039
TMU R108 000.0 N,TMU M50 015.0 S,9381
TMU R108 000.0 N,TMU N04 000.0 W,12039
TMU R108 000.0 N,TMU N04 000.0 E,16547
TMU R108 000.0 N,TMU M50 020.0 N,22106
TMU R108 000.0 N,TMU N07 001.0 E,18399
TMU R108 000.0 N,TMU N07 005.0 E,22091
TMU R108 000.0 N,TMU N07 006.0 E,24999
TMU R108 000.0 N,TMU M50 015.0 N,16349
TMU R108 000.0 N,TMU M50 025.0 S,18637
TMU R108 000.0 N,TMU N81 000.0 N,22591
TMU R108 000.0 N,TMU M50 025.0 N,22215
TMU R108 000.0 N,TMU M50 030.0 S,30379
TMU R108 000.0 N,TMU M50 035.0 S,27551
TMU R108 000.0 N,TMU N31 000.0 E,30720
TMU R108 000.0 N,TMU N31 005.0 E,18717
TMU R108 000.0 N,TMU M50 040.0 S,30812
TMU R108 000.0 N,TMU M11 010.0 N,40219
TMU R108 000.0 N1,TMU M01 020.0 N,20123
TMU R108 000.0 N1,TMU M01 010.0 S,27772
TMU R108 000.0 N1,TMU M01 006.0 N,8619
TMU R108 000.0 N1,TMU M01 005.0 N,5997
TMU R108 000.0 N1,TMU N01 000.0 N,5970
TMU R108 000.0 N1,TMU M01 000.0 N,3732
TMU R108 000.0 N1,TMU M50 001.7N,2363
TMU R108 000.0 N1,TMU R108 000.0 N,728
TMU R108 000.0 N1,TMU R108 000.0 N1,0
TMU R108 000.0 N1,TMU M50 005.0 N,5992
TMU R108 000.0 N1,TMU M02 000.0 N,4664
TMU R108 000.0 N1,TMU M50 010.0 N,10091
TMU R108 000.0 N1,TMU N03 000.0 N,9532
TMU R108 000.0 N1,TMU N03 005.0 S,13545
TMU R108 000.0 N1,TMU M50 000.0 N,6144
TMU R108 000.0 N1,TMU N01 040.0 S,6218
TMU R108 000.0 N1,TMU M50 015.0 S,9048
TMU R108 000.0 N1,TMU N04 000.0 W,11706
TMU R108 000.0 N1,TMU N04 000.0 E,16214
TMU R108 000.0 N1,TMU M50 020.0 N,21773
TMU R108 000.0 N1,TMU N07 001.0 E,18066
TMU R108 000.0 N1,TMU N07 005.0 E,21758
TMU R108 000.0 N1,TMU N07 006.0 E,24666
TMU R108 000.0 N1,TMU M50 015.0 N,16016
TMU R108 000.0 N1,TMU M50 025.0 S,18304
TMU R108 000.0 N1,TMU N81 000.0 N,22258
TMU R108 000.0 N1,TMU M50 025.0 N,21882
TMU R108 000.0 N1,TMU M50 030.0 S,30046
TMU R108 000.0 N1,TMU M50 035.0 S,27218
TMU R108 000.0 N1,TMU N31 000.0 E,30387
TMU R108 000.0 N1,TMU N31 005.0 E,18896
TMU R108 000.0 N1,TMU M50 040.0 S,30479
TMU R108 000.0 N1,TMU M11 010.0 N,39886
TMU M50 005.0 N,TMU M01 020.0 N,21253
TMU M50 005.0 N,TMU M01 010.0 S,28902
TMU M50 005.0 N,TMU M01 006.0 N,9749
TMU M50 005.0 N,TMU M01 005.0 N,7127
TMU M50 005.0 N,TMU N01 000.0 N,7100
TMU M50 005.0 N,TMU M01 000.0 N,4862
TMU M50 005.0 N,TMU M50 001.7N,3493
TMU M50 005.0 N,TMU R108 000.0 N,1863
TMU M50 005.0 N,TMU R108 000.0 N1,2600
TMU M50 005.0 N,TMU M50 005.0 N,0
TMU M50 005.0 N,TMU M02 000.0 N,6300
TMU M50 005.0 N,TMU M50 010.0 N,11727
TMU M50 005.0 N,TMU N03 000.0 N,11168
TMU M50 005.0 N,TMU N03 005.0 S,15181
TMU M50 005.0 N,TMU M50 000.0 N,7274
TMU M50 005.0 N,TMU N01 040.0 S,7348
TMU M50 005.0 N,TMU M50 015.0 S,10684
TMU M50 005.0 N,TMU N04 000.0 W,13342
TMU M50 005.0 N,TMU N04 000.0 E,17850
TMU M50 005.0 N,TMU M50 020.0 N,23409
TMU M50 005.0 N,TMU N07 001.0 E,19702
TMU M50 005.0 N,TMU N07 005.0 E,23394
TMU M50 005.0 N,TMU N07 006.0 E,26302
TMU M50 005.0 N,TMU M50 015.0 N,17652
TMU M50 005.0 N,TMU M50 025.0 S,19940
TMU M50 005.0 N,TMU N81 000.0 N,23894
TMU M50 005.0 N,TMU M50 025.0 N,23518
TMU M50 005.0 N,TMU M50 030.0 S,31682
TMU M50 005.0 N,TMU M50 035.0 S,28854
TMU M50 005.0 N,TMU N31 000.0 E,32023
TMU M50 005.0 N,TMU N31 005.0 E,20026
TMU M50 005.0 N,TMU M50 040.0 S,32115
TMU M50 005.0 N,TMU M11 010.0 N,41522
TMU M02 000.0 N,TMU M01 020.0 N,25811
TMU M02 000.0 N,TMU M01 010.0 S,33460
TMU M02 000.0 N,TMU M01 006.0 N,14307
TMU M02 000.0 N,TMU M01 005.0 N,11685
TMU M02 000.0 N,TMU N01 000.0 N,11658
TMU M02 000.0 N,TMU M01 000.0 N,9420
TMU M02 000.0 N,TMU M50 001.7N,8051
TMU M02 000.0 N,TMU R108 000.0 N,6422
TMU M02 000.0 N,TMU R108 000.0 N1,7159
TMU M02 000.0 N,TMU M50 005.0 N,4558
TMU M02 000.0 N,TMU M02 000.0 N,0
TMU M02 000.0 N,TMU M50 010.0 N,10228
TMU M02 000.0 N,TMU N03 000.0 N,9669
TMU M02 000.0 N,TMU N03 005.0 S,13682
TMU M02 000.0 N,TMU M50 000.0 N,11832
TMU M02 000.0 N,TMU N01 040.0 S,11906
TMU M02 000.0 N,TMU M50 015.0 S,9185
TMU M02 000.0 N,TMU N04 000.0 W,11843
TMU M02 000.0 N,TMU N04 000.0 E,16351
TMU M02 000.0 N,TMU M50 020.0 N,21910
TMU M02 000.0 N,TMU N07 001.0 E,18203
TMU M02 000.0 N,TMU N07 005.0 E,21895
TMU M02 000.0 N,TMU N07 006.0 E,24803
TMU M02 000.0 N,TMU M50 015.0 N,16153
TMU M02 000.0 N,TMU M50 025.0 S,18441
TMU M02 000.0 N,TMU N81 000.0 N,22395
TMU M02 000.0 N,TMU M50 025.0 N,22019
TMU M02 000.0 N,TMU M50 030.0 S,30183
TMU M02 000.0 N,TMU M50 035.0 S,27355
TMU M02 000.0 N,TMU N31 000.0 E,30524
TMU M02 000.0 N,TMU N31 005.0 E,33814
TMU M02 000.0 N,TMU M50 040.0 S,30616
TMU M02 000.0 N,TMU M11 010.0 N,40023
TMU M50 010.0 N,TMU M01 020.0 N,24734
TMU M50 010.0 N,TMU M01 010.0 S,32383
TMU M50 010.0 N,TMU M01 006.0 N,13230
TMU M50 010.0 N,TMU M01 005.0 N,10608
TMU M50 010.0 N,TMU N01 000.0 N,10581
TMU M50 010.0 N,TMU M01 000.0 N,8343
TMU M50 010.0 N,TMU M50 001.7N,6974
TMU M50 010.0 N,TMU R108 000.0 N,5344
TMU M50 010.0 N,TMU R108 000.0 N1,6081
TMU M50 010.0 N,TMU M50 005.0 N,3481
TMU M50 010.0 N,TMU M02 000.0 N,2857
TMU M50 010.0 N,TMU M50 010.0 N,0
TMU M50 010.0 N,TMU N03 000.0 N,8767
TMU M50 010.0 N,TMU N03 005.0 S,12780
TMU M50 010.0 N,TMU M50 000.0 N,10755
TMU M50 010.0 N,TMU N01 040.0 S,10829
TMU M50 010.0 N,TMU M50 015.0 S,8283
TMU M50 010.0 N,TMU N04 000.0 W,10941
TMU M50 010.0 N,TMU N04 000.0 E,15449
TMU M50 010.0 N,TMU M50 020.0 N,21008
TMU M50 010.0 N,TMU N07 001.0 E,17301
TMU M50 010.0 N,TMU N07 005.0 E,20993
TMU M50 010.0 N,TMU N07 006.0 E,23901
TMU M50 010.0 N,TMU M50 015.0 N,15251
TMU M50 010.0 N,TMU M50 025.0 S,17539
TMU M50 010.0 N,TMU N81 000.0 N,21493
TMU M50 010.0 N,TMU M50 025.0 N,21117
TMU M50 010.0 N,TMU M50 030.0 S,29281
TMU M50 010.0 N,TMU M50 035.0 S,26453
TMU M50 010.0 N,TMU N31 000.0 E,29622
TMU M50 010.0 N,TMU N31 005.0 E,23507
TMU M50 010.0 N,TMU M50 040.0 S,29714
TMU M50 010.0 N,TMU M11 010.0 N,39121
TMU N03 000.0 N,TMU M01 020.0 N,29531
TMU N03 000.0 N,TMU M01 010.0 S,37180
TMU N03 000.0 N,TMU M01 006.0 N,18027
TMU N03 000.0 N,TMU M01 005.0 N,15405
TMU N03 000.0 N,TMU N01 000.0 N,15378
TMU N03 000.0 N,TMU M01 000.0 N,13140
TMU N03 000.0 N,TMU M50 001.7N,11771
TMU N03 000.0 N,TMU R108 000.0 N,10141
TMU N03 000.0 N,TMU R108 000.0 N1,10879
TMU N03 000.0 N,TMU M50 005.0 N,8278
TMU N03 000.0 N,TMU M02 000.0 N,7654
TMU N03 000.0 N,TMU M50 010.0 N,4797
TMU N03 000.0 N,TMU N03 000.0 N,0
TMU N03 000.0 N,TMU N03 005.0 S,4013
TMU N03 000.0 N,TMU M50 000.0 N,15552
TMU N03 000.0 N,TMU N01 040.0 S,15626
TMU N03 000.0 N,TMU M50 015.0 S,4699
TMU N03 000.0 N,TMU N04 000.0 W,7358
TMU N03 000.0 N,TMU N04 000.0 E,11866
TMU N03 000.0 N,TMU M50 020.0 N,17425
TMU N03 000.0 N,TMU N07 001.0 E,13718
TMU N03 000.0 N,TMU N07 005.0 E,17410
TMU N03 000.0 N,TMU N07 006.0 E,20318
TMU N03 000.0 N,TMU M50 015.0 N,11668
TMU N03 000.0 N,TMU M50 025.0 S,13956
TMU N03 000.0 N,TMU N81 000.0 N,17909
TMU N03 000.0 N,TMU M50 025.0 N,17533
TMU N03 000.0 N,TMU M50 030.0 S,25697
TMU N03 000.0 N,TMU M50 035.0 S,22870
TMU N03 000.0 N,TMU N31 000.0 E,26039
TMU N03 000.0 N,TMU N31 005.0 E,29329
TMU N03 000.0 N,TMU M50 040.0 S,26131
TMU N03 000.0 N,TMU M11 010.0 N,35537
TMU N03 005.0 S,TMU M01 020.0 N,31530
TMU N03 005.0 S,TMU M01 010.0 S,39179
TMU N03 005.0 S,TMU M01 006.0 N,20026
TMU N03 005.0 S,TMU M01 005.0 N,17404
TMU N03 005.0 S,TMU N01 000.0 N,17377
TMU N03 005.0 S,TMU M01 000.0 N,15139
TMU N03 005.0 S,TMU M50 001.7N,13770
TMU N03 005.0 S,TMU R108 000.0 N,12140
TMU N03 005.0 S,TMU R108 000.0 N1,12877
TMU N03 005.0 S,TMU M50 005.0 N,10277
TMU N03 005.0 S,TMU M02 000.0 N,9653
TMU N03 005.0 S,TMU M50 010.0 N,6796
TMU N03 005.0 S,TMU N03 000.0 N,2945
TMU N03 005.0 S,TMU N03 005.0 S,0
TMU N03 005.0 S,TMU M50 000.0 N,17551
TMU N03 005.0 S,TMU N01 040.0 S,17625
TMU N03 005.0 S,TMU M50 015.0 S,6698
TMU N03 005.0 S,TMU N04 000.0 W,9357
TMU N03 005.0 S,TMU N04 000.0 E,13865
TMU N03 005.0 S,TMU M50 020.0 N,19424
TMU N03 005.0 S,TMU N07 001.0 E,15717
TMU N03 005.0 S,TMU N07 005.0 E,19409
TMU N03 005.0 S,TMU N07 006.0 E,22317
TMU N03 005.0 S,TMU M50 015.0 N,13667
TMU N03 005.0 S,TMU M50 025.0 S,15955
TMU N03 005.0 S,TMU N81 000.0 N,19908
TMU N03 005.0 S,TMU M50 025.0 N,19532
TMU N03 005.0 S,TMU M50 030.0 S,27696
TMU N03 005.0 S,TMU M50 035.0 S,24869
TMU N03 005.0 S,TMU N31 000.0 E,28038
TMU N03 005.0 S,TMU N31 005.0 E,31328
TMU N03 005.0 S,TMU M50 040.0 S,28130
TMU N03 005.0 S,TMU M11 010.0 N,37536
TMU M50 000.0 N,TMU M01 020.0 N,18182
TMU M50 000.0 N,TMU M01 010.0 S,25831
TMU M50 000.0 N,TMU M01 006.0 N,6678
TMU M50 000.0 N,TMU M01 005.0 N,4056
TMU M50 000.0 N,TMU N01 000.0 N,4029
TMU M50 000.0 N,TMU M01 000.0 N,6846
TMU M50 000.0 N,TMU M50 001.7N,5477
TMU M50 000.0 N,TMU R108 000.0 N,3842
TMU M50 000.0 N,TMU R108 000.0 N1,4070
TMU M50 000.0 N,TMU M50 005.0 N,9099
TMU M50 000.0 N,TMU M02 000.0 N,7771
TMU M50 000.0 N,TMU M50 010.0 N,13198
TMU M50 000.0 N,TMU N03 000.0 N,12639
TMU M50 000.0 N,TMU N03 005.0 S,16652
TMU M50 000.0 N,TMU M50 000.0 N,0
TMU M50 000.0 N,TMU N01 040.0 S,3931
TMU M50 000.0 N,TMU M50 015.0 S,12155
TMU M50 000.0 N,TMU N04 000.0 W,14813
TMU M50 000.0 N,TMU N04 000.0 E,19321
TMU M50 000.0 N,TMU M50 020.0 N,24880
TMU M50 000.0 N,TMU N07 001.0 E,21173
TMU M50 000.0 N,TMU N07 005.0 E,24865
TMU M50 000.0 N,TMU N07 006.0 E,27773
TMU M50 000.0 N,TMU M50 015.0 N,19123
TMU M50 000.0 N,TMU M50 025.0 S,21411
TMU M50 000.0 N,TMU N81 000.0 N,25365
TMU M50 000.0 N,TMU M50 025.0 N,24989
TMU M50 000.0 N,TMU M50 030.0 S,33153
TMU M50 000.0 N,TMU M50 035.0 S,30325
TMU M50 000.0 N,TMU N31 000.0 E,33494
TMU M50 000.0 N,TMU N31 005.0 E,16609
TMU M50 000.0 N,TMU M50 040.0 S,33586
TMU M50 000.0 N,TMU M11 010.0 N,42993
TMU N01 040.0 S,TMU M01 020.0 N,19971
TMU N01 040.0 S,TMU M01 010.0 S,27620
TMU N01 040.0 S,TMU M01 006.0 N,8467
TMU N01 040.0 S,TMU M01 005.0 N,5845
TMU N01 040.0 S,TMU N01 000.0 N,5818
TMU N01 040.0 S,TMU M01 000.0 N,8635
TMU N01 040.0 S,TMU M50 001.7N,7266
TMU N01 040.0 S,TMU R108 000.0 N,5631
TMU N01 040.0 S,TMU R108 000.0 N1,5859
TMU N01 040.0 S,TMU M50 005.0 N,10888
TMU N01 040.0 S,TMU M02 000.0 N,9560
TMU N01 040.0 S,TMU M50 010.0 N,14987
TMU N01 040.0 S,TMU N03 000.0 N,14428
TMU N01 040.0 S,TMU N03 005.0 S,18441
TMU N01 040.0 S,TMU M50 000.0 N,1786
TMU N01 040.0 S,TMU N01 040.0 S,0
TMU N01 040.0 S,TMU M50 015.0 S,13944
TMU N01 040.0 S,TMU N04 000.0 W,16602
TMU N01 040.0 S,TMU N04 000.0 E,21110
TMU N01 040.0 S,TMU M50 020.0 N,26669
TMU N01 040.0 S,TMU N07 001.0 E,22962
TMU N01 040.0 S,TMU N07 005.0 E,26654
TMU N01 040.0 S,TMU N07 006.0 E,29562
TMU N01 040.0 S,TMU M50 015.0 N,20912
TMU N01 040.0 S,TMU M50 025.0 S,23200
TMU N01 040.0 S,TMU N81 000.0 N,27154
TMU N01 040.0 S,TMU M50 025.0 N,26778
TMU N01 040.0 S,TMU M50 030.0 S,34942
TMU N01 040.0 S,TMU M50 035.0 S,32114
TMU N01 040.0 S,TMU N31 000.0 E,35283
TMU N01 040.0 S,TMU N31 005.0 E,18398
TMU N01 040.0 S,TMU M50 040.0 S,35375
TMU N01 040.0 S,TMU M11 010.0 N,44782
TMU M50 015.0 S,TMU M01 020.0 N,33915
TMU M50 015.0 S,TMU M01 010.0 S,41564
TMU M50 015.0 S,TMU M01 006.0 N,22411
TMU M50 015.0 S,TMU M01 005.0 N,19789
TMU M50 015.0 S,TMU N01 000.0 N,19762
TMU M50 015.0 S,TMU M01 000.0 N,17524
TMU M50 015.0 S,TMU M50 001.7N,16155
TMU M50 015.0 S,TMU R108 000.0 N,14525
TMU M50 015.0 S,TMU R108 000.0 N1,15262
TMU M50 015.0 S,TMU M50 005.0 N,12662
TMU M50 015.0 S,TMU M02 000.0 N,12038
TMU M50 015.0 S,TMU M50 010.0 N,9181
TMU M50 015.0 S,TMU N03 000.0 N,9203
TMU M50 015.0 S,TMU N03 005.0 S,13216
TMU M50 015.0 S,TMU M50 000.0 N,19936
TMU M50 015.0 S,TMU N01 040.0 S,20010
TMU M50 015.0 S,TMU M50 015.0 S,0
TMU M50 015.0 S,TMU N04 000.0 W,2658
TMU M50 015.0 S,TMU N04 000.0 E,7166
TMU M50 015.0 S,TMU M50 020.0 N,12726
TMU M50 015.0 S,TMU N07 001.0 E,9018
TMU M50 015.0 S,TMU N07 005.0 E,12710
TMU M50 015.0 S,TMU N07 006.0 E,15618
TMU M50 015.0 S,TMU M50 015.0 N,6968
TMU M50 015.0 S,TMU M50 025.0 S,9257
TMU M50 015.0 S,TMU N81 000.0 N,13210
TMU M50 015.0 S,TMU M50 025.0 N,12834
TMU M50 015.0 S,TMU M50 030.0 S,20998
TMU M50 015.0 S,TMU M50 035.0 S,18170
TMU M50 015.0 S,TMU N31 000.0 E,21340
TMU M50 015.0 S,TMU N31 005.0 E,24630
TMU M50 015.0 S,TMU M50 040.0 S,21431
TMU M50 015.0 S,TMU M11 010.0 N,30838
TMU N04 000.0 W,TMU M01 020.0 N,32155
TMU N04 000.0 W,TMU M01 010.0 S,39804
TMU N04 000.0 W,TMU M01 006.0 N,20651
TMU N04 000.0 W,TMU M01 005.0 N,18029
TMU N04 000.0 W,TMU N01 000.0 N,18002
TMU N04 000.0 W,TMU M01 000.0 N,15764
TMU N04 000.0 W,TMU M50 001.7N,14394
TMU N04 000.0 W,TMU R108 000.0 N,12765
TMU N04 000.0 W,TMU R108 000.0 N1,13502
TMU N04 000.0 W,TMU M50 005.0 N,10902
TMU N04 000.0 W,TMU M02 000.0 N,10278
TMU N04 000.0 W,TMU M50 010.0 N,7421
TMU N04 000.0 W,TMU N03 000.0 N,7442
TMU N04 000.0 W,TMU N03 005.0 S,11455
TMU N04 000.0 W,TMU M50 000.0 N,18176
TMU N04 000.0 W,TMU N01 040.0 S,18250
TMU N04 000.0 W,TMU M50 015.0 S,7632
TMU N04 000.0 W,TMU N04 000.0 W,0
TMU N04 000.0 W,TMU N04 000.0 E,4508
TMU N04 000.0 W,TMU M50 020.0 N,13239
TMU N04 000.0 W,TMU N07 001.0 E,6780
TMU N04 000.0 W,TMU N07 005.0 E,13224
TMU N04 000.0 W,TMU N07 006.0 E,16132
TMU N04 000.0 W,TMU M50 015.0 N,7482
TMU N04 000.0 W,TMU M50 025.0 S,9770
TMU N04 000.0 W,TMU N81 000.0 N,13724
TMU N04 000.0 W,TMU M50 025.0 N,13348
TMU N04 000.0 W,TMU M50 030.0 S,21511
TMU N04 000.0 W,TMU M50 035.0 S,18684
TMU N04 000.0 W,TMU N31 000.0 E,21853
TMU N04 000.0 W,TMU N31 005.0 E,25143
TMU N04 000.0 W,TMU M50 040.0 S,21944
TMU N04 000.0 W,TMU M11 010.0 N,31352
TMU N04 000.0 E,TMU M01 020.0 N,34407
TMU N04 000.0 E,TMU M01 010.0 S,42056
TMU N04 000.0 E,TMU M01 006.0 N,22902
TMU N04 000.0 E,TMU M01 005.0 N,20280
TMU N04 000.0 E,TMU N01 000.0 N,20254
TMU N04 000.0 E,TMU M01 000.0 N,18015
TMU N04 000.0 E,TMU M50 001.7N,16646
TMU N04 000.0 E,TMU R108 000.0 N,0
TMU N04 000.0 E,TMU R108 000.0 N1,15754
TMU N04 000.0 E,TMU M50 005.0 N,13153
TMU N04 000.0 E,TMU M02 000.0 N,12529
TMU N04 000.0 E,TMU M50 010.0 N,9672
TMU N04 000.0 E,TMU N03 000.0 N,9694
TMU N04 000.0 E,TMU N03 005.0 S,13707
TMU N04 000.0 E,TMU M50 000.0 N,20428
TMU N04 000.0 E,TMU N01 040.0 S,20502
TMU N04 000.0 E,TMU M50 015.0 S,9884
TMU N04 000.0 E,TMU N04 000.0 W,6651
TMU N04 000.0 E,TMU N04 000.0 E,0
TMU N04 000.0 E,TMU M50 020.0 N,15492
TMU N04 000.0 E,TMU N07 001.0 E,11785
TMU N04 000.0 E,TMU N07 005.0 E,15477
TMU N04 000.0 E,TMU N07 006.0 E,18385
TMU N04 000.0 E,TMU M50 015.0 N,9734
TMU N04 000.0 E,TMU M50 025.0 S,12023
TMU N04 000.0 E,TMU N81 000.0 N,15976
TMU N04 000.0 E,TMU M50 025.0 N,15601
TMU N04 000.0 E,TMU M50 030.0 S,23764
TMU N04 000.0 E,TMU M50 035.0 S,20937
TMU N04 000.0 E,TMU N31 000.0 E,24106
TMU N04 000.0 E,TMU N31 005.0 E,27396
TMU N04 000.0 E,TMU M50 040.0 S,24197
TMU N04 000.0 E,TMU M11 010.0 N,33605
TMU M50 020.0 N,TMU M01 020.0 N,31544
TMU M50 020.0 N,TMU M01 010.0 S,39193
TMU M50 020.0 N,TMU M01 006.0 N,20040
TMU M50 020.0 N,TMU M01 005.0 N,17418
TMU M50 020.0 N,TMU N01 000.0 N,17391
TMU M50 020.0 N,TMU M01 000.0 N,15153
TMU M50 020.0 N,TMU M50 001.7N,13784
TMU M50 020.0 N,TMU R108 000.0 N,12155
TMU M50 020.0 N,TMU R108 000.0 N1,12892
TMU M50 020.0 N,TMU M50 005.0 N,10291
TMU M50 020.0 N,TMU M02 000.0 N,9667
TMU M50 020.0 N,TMU M50 010.0 N,6810
TMU M50 020.0 N,TMU N03 000.0 N,6832
TMU M50 020.0 N,TMU N03 005.0 S,10845
TMU M50 020.0 N,TMU M50 000.0 N,17565
TMU M50 020.0 N,TMU N01 040.0 S,17639
TMU M50 020.0 N,TMU M50 015.0 S,7022
TMU M50 020.0 N,TMU N04 000.0 W,1759
TMU M50 020.0 N,TMU N04 000.0 E,6267
TMU M50 020.0 N,TMU M50 020.0 N,0
TMU M50 020.0 N,TMU N07 001.0 E,10292
TMU M50 020.0 N,TMU N07 005.0 E,13984
TMU M50 020.0 N,TMU N07 006.0 E,16892
TMU M50 020.0 N,TMU M50 015.0 N,9240
TMU M50 020.0 N,TMU M50 025.0 S,10531
TMU M50 020.0 N,TMU N81 000.0 N,14484
TMU M50 020.0 N,TMU M50 025.0 N,14108
TMU M50 020.0 N,TMU M50 030.0 S,22272
TMU M50 020.0 N,TMU M50 035.0 S,19445
TMU M50 020.0 N,TMU N31 000.0 E,22613
TMU M50 020.0 N,TMU N31 005.0 E,25903
TMU M50 020.0 N,TMU M50 040.0 S,22705
TMU M50 020.0 N,TMU M11 010.0 N,32112
TMU N07 001.0 E,TMU M01 020.0 N,35867
TMU N07 001.0 E,TMU M01 010.0 S,43516
TMU N07 001.0 E,TMU M01 006.0 N,24363
TMU N07 001.0 E,TMU M01 005.0 N,21741
TMU N07 001.0 E,TMU N01 000.0 N,21714
TMU N07 001.0 E,TMU M01 000.0 N,19476
TMU N07 001.0 E,TMU M50 001.7N,18107
TMU N07 001.0 E,TMU R108 000.0 N,16478
TMU N07 001.0 E,TMU R108 000.0 N1,17215
TMU N07 001.0 E,TMU M50 005.0 N,14614
TMU N07 001.0 E,TMU M02 000.0 N,13990
TMU N07 001.0 E,TMU M50 010.0 N,11133
TMU N07 001.0 E,TMU N03 000.0 N,11155
TMU N07 001.0 E,TMU N03 005.0 S,15168
TMU N07 001.0 E,TMU M50 000.0 N,21888
TMU N07 001.0 E,TMU N01 040.0 S,21962
TMU N07 001.0 E,TMU M50 015.0 S,11345
TMU N07 001.0 E,TMU N04 000.0 W,6082
TMU N07 001.0 E,TMU N04 000.0 E,10590
TMU N07 001.0 E,TMU M50 020.0 N,4323
TMU N07 001.0 E,TMU N07 001.0 E,0
TMU N07 001.0 E,TMU N07 005.0 E,6875
TMU N07 001.0 E,TMU N07 006.0 E,9783
TMU N07 001.0 E,TMU M50 015.0 N,2188
TMU N07 001.0 E,TMU M50 025.0 S,4477
TMU N07 001.0 E,TMU N81 000.0 N,8431
TMU N07 001.0 E,TMU M50 025.0 N,8055
TMU N07 001.0 E,TMU M50 030.0 S,16219
TMU N07 001.0 E,TMU M50 035.0 S,13391
TMU N07 001.0 E,TMU N31 000.0 E,16560
TMU N07 001.0 E,TMU N31 005.0 E,19850
TMU N07 001.0 E,TMU M50 040.0 S,16651
TMU N07 001.0 E,TMU M11 010.0 N,26059
TMU N07 005.0 E,TMU M01 020.0 N,39254
TMU N07 005.0 E,TMU M01 010.0 S,46903
TMU N07 005.0 E,TMU M01 006.0 N,27750
TMU N07 005.0 E,TMU M01 005.0 N,25128
TMU N07 005.0 E,TMU N01 000.0 N,25101
TMU N07 005.0 E,TMU M01 000.0 N,22864
TMU N07 005.0 E,TMU M50 001.7N,21494
TMU N07 005.0 E,TMU R108 000.0 N,19865
TMU N07 005.0 E,TMU R108 000.0 N1,20602
TMU N07 005.0 E,TMU M50 005.0 N,18002
TMU N07 005.0 E,TMU M02 000.0 N,17378
TMU N07 005.0 E,TMU M50 010.0 N,14521
TMU N07 005.0 E,TMU N03 000.0 N,14543
TMU N07 005.0 E,TMU N03 005.0 S,18556
TMU N07 005.0 E,TMU M50 000.0 N,25275
TMU N07 005.0 E,TMU N01 040.0 S,25349
TMU N07 005.0 E,TMU M50 015.0 S,14732
TMU N07 005.0 E,TMU N04 000.0 W,9470
TMU N07 005.0 E,TMU N04 000.0 E,13978
TMU N07 005.0 E,TMU M50 020.0 N,7710
TMU N07 005.0 E,TMU N07 001.0 E,3771
TMU N07 005.0 E,TMU N07 005.0 E,0
TMU N07 005.0 E,TMU N07 006.0 E,6704
TMU N07 005.0 E,TMU M50 015.0 N,5541
TMU N07 005.0 E,TMU M50 025.0 S,7830
TMU N07 005.0 E,TMU N81 000.0 N,7077
TMU N07 005.0 E,TMU M50 025.0 N,11407
TMU N07 005.0 E,TMU M50 030.0 S,19572
TMU N07 005.0 E,TMU M50 035.0 S,16744
TMU N07 005.0 E,TMU N31 000.0 E,19913
TMU N07 005.0 E,TMU N31 005.0 E,23203
TMU N07 005.0 E,TMU M50 040.0 S,20004
TMU N07 005.0 E,TMU M11 010.0 N,29412
TMU N07 006.0 E,TMU M01 020.0 N,41056
TMU N07 006.0 E,TMU M01 010.0 S,48705
TMU N07 006.0 E,TMU M01 006.0 N,29552
TMU N07 006.0 E,TMU M01 005.0 N,26930
TMU N07 006.0 E,TMU N01 000.0 N,26903
TMU N07 006.0 E,TMU M01 000.0 N,24666
TMU N07 006.0 E,TMU M50 001.7N,23296
TMU N07 006.0 E,TMU R108 000.0 N,21667
TMU N07 006.0 E,TMU R108 000.0 N1,22404
TMU N07 006.0 E,TMU M50 005.0 N,19804
TMU N07 006.0 E,TMU M02 000.0 N,19180
TMU N07 006.0 E,TMU M50 010.0 N,16323
TMU N07 006.0 E,TMU N03 000.0 N,16345
TMU N07 006.0 E,TMU N03 005.0 S,20358
TMU N07 006.0 E,TMU M50 000.0 N,27077
TMU N07 006.0 E,TMU N01 040.0 S,27151
TMU N07 006.0 E,TMU M50 015.0 S,16535
TMU N07 006.0 E,TMU N04 000.0 W,11272
TMU N07 006.0 E,TMU N04 000.0 E,15780
TMU N07 006.0 E,TMU M50 020.0 N,9512
TMU N07 006.0 E,TMU N07 001.0 E,5573
TMU N07 006.0 E,TMU N07 005.0 E,1802
TMU N07 006.0 E,TMU N07 006.0 E,0
TMU N07 006.0 E,TMU M50 015.0 N,7343
TMU N07 006.0 E,TMU M50 025.0 S,9632
TMU N07 006.0 E,TMU N81 000.0 N,8880
TMU N07 006.0 E,TMU M50 025.0 N,13209
TMU N07 006.0 E,TMU M50 030.0 S,21374
TMU N07 006.0 E,TMU M50 035.0 S,18546
TMU N07 006.0 E,TMU N31 000.0 E,21715
TMU N07 006.0 E,TMU N31 005.0 E,25005
TMU N07 006.0 E,TMU M50 040.0 S,21806
TMU N07 006.0 E,TMU M11 010.0 N,31214
TMU M50 015.0 N,TMU M01 020.0 N,37301
TMU M50 015.0 N,TMU M01 010.0 S,44950
TMU M50 015.0 N,TMU M01 006.0 N,25797
TMU M50 015.0 N,TMU M01 005.0 N,23175
TMU M50 015.0 N,TMU N01 000.0 N,23148
TMU M50 015.0 N,TMU M01 000.0 N,20910
TMU M50 015.0 N,TMU M50 001.7N,19541
TMU M50 015.0 N,TMU R108 000.0 N,17911
TMU M50 015.0 N,TMU R108 000.0 N1,18648
TMU M50 015.0 N,TMU M50 005.0 N,16048
TMU M50 015.0 N,TMU M02 000.0 N,15424
TMU M50 015.0 N,TMU M50 010.0 N,12567
TMU M50 015.0 N,TMU N03 000.0 N,12589
TMU M50 015.0 N,TMU N03 005.0 S,16602
TMU M50 015.0 N,TMU M50 000.0 N,23322
TMU M50 015.0 N,TMU N01 040.0 S,23396
TMU M50 015.0 N,TMU M50 015.0 S,12779
TMU M50 015.0 N,TMU N04 000.0 W,7516
TMU M50 015.0 N,TMU N04 000.0 E,12024
TMU M50 015.0 N,TMU M50 020.0 N,5757
TMU M50 015.0 N,TMU N07 001.0 E,4788
TMU M50 015.0 N,TMU N07 005.0 E,8480
TMU M50 015.0 N,TMU N07 006.0 E,11388
TMU M50 015.0 N,TMU M50 015.0 N,0
TMU M50 015.0 N,TMU M50 025.0 S,2288
TMU M50 015.0 N,TMU N81 000.0 N,6242
TMU M50 015.0 N,TMU M50 025.0 N,5866
TMU M50 015.0 N,TMU M50 030.0 S,14030
TMU M50 015.0 N,TMU M50 035.0 S,11202
TMU M50 015.0 N,TMU N31 000.0 E,14371
TMU M50 015.0 N,TMU N31 005.0 E,17661
TMU M50 015.0 N,TMU M50 040.0 S,14463
TMU M50 015.0 N,TMU M11 010.0 N,23870
TMU M50 025.0 S,TMU M01 020.0 N,40429
TMU M50 025.0 S,TMU M01 010.0 S,48078
TMU M50 025.0 S,TMU M01 006.0 N,28925
TMU M50 025.0 S,TMU M01 005.0 N,26303
TMU M50 025.0 S,TMU N01 000.0 N,26276
TMU M50 025.0 S,TMU M01 000.0 N,24038
TMU M50 025.0 S,TMU M50 001.7N,22668
TMU M50 025.0 S,TMU R108 000.0 N,21039
TMU M50 025.0 S,TMU R108 000.0 N1,21776
TMU M50 025.0 S,TMU M50 005.0 N,19176
TMU M50 025.0 S,TMU M02 000.0 N,18552
TMU M50 025.0 S,TMU M50 010.0 N,15695
TMU M50 025.0 S,TMU N03 000.0 N,15717
TMU M50 025.0 S,TMU N03 005.0 S,19730
TMU M50 025.0 S,TMU M50 000.0 N,26450
TMU M50 025.0 S,TMU N01 040.0 S,26524
TMU M50 025.0 S,TMU M50 015.0 S,15907
TMU M50 025.0 S,TMU N04 000.0 W,10643
TMU M50 025.0 S,TMU N04 000.0 E,15152
TMU M50 025.0 S,TMU M50 020.0 N,8884
TMU M50 025.0 S,TMU N07 001.0 E,7916
TMU M50 025.0 S,TMU N07 005.0 E,11608
TMU M50 025.0 S,TMU N07 006.0 E,14516
TMU M50 025.0 S,TMU M50 015.0 N,7737
TMU M50 025.0 S,TMU M50 025.0 S,0
TMU M50 025.0 S,TMU N81 000.0 N,3954
TMU M50 025.0 S,TMU M50 025.0 N,3578
TMU M50 025.0 S,TMU M50 030.0 S,11741
TMU M50 025.0 S,TMU M50 035.0 S,8914
TMU M50 025.0 S,TMU N31 000.0 E,12083
TMU M50 025.0 S,TMU N31 005.0 E,15373
TMU M50 025.0 S,TMU M50 040.0 S,12174
TMU M50 025.0 S,TMU M11 010.0 N,21582
TMU N81 000.0 N,TMU M01 020.0 N,39915
TMU N81 000.0 N,TMU M01 010.0 S,47564
TMU N81 000.0 N,TMU M01 006.0 N,28411
TMU N81 000.0 N,TMU M01 005.0 N,25789
TMU N81 000.0 N,TMU N01 000.0 N,25762
TMU N81 000.0 N,TMU M01 000.0 N,23524
TMU N81 000.0 N,TMU M50 001.7N,22154
TMU N81 000.0 N,TMU R108 000.0 N,20525
TMU N81 000.0 N,TMU R108 000.0 N1,21262
TMU N81 000.0 N,TMU M50 005.0 N,18662
TMU N81 000.0 N,TMU M02 000.0 N,18038
TMU N81 000.0 N,TMU M50 010.0 N,15181
TMU N81 000.0 N,TMU N03 000.0 N,15203
TMU N81 000.0 N,TMU N03 005.0 S,19216
TMU N81 000.0 N,TMU M50 000.0 N,25936
TMU N81 000.0 N,TMU N01 040.0 S,26010
TMU N81 000.0 N,TMU M50 015.0 S,15393
TMU N81 000.0 N,TMU N04 000.0 W,10130
TMU N81 000.0 N,TMU N04 000.0 E,14638
TMU N81 000.0 N,TMU M50 020.0 N,8370
TMU N81 000.0 N,TMU N07 001.0 E,7402
TMU N81 000.0 N,TMU N07 005.0 E,11094
TMU N81 000.0 N,TMU N07 006.0 E,14002
TMU N81 000.0 N,TMU M50 015.0 N,7222
TMU N81 000.0 N,TMU M50 025.0 S,5121
TMU N81 000.0 N,TMU N81 000.0 N,0
TMU N81 000.0 N,TMU M50 025.0 N,3703
TMU N81 000.0 N,TMU M50 030.0 S,11867
TMU N81 000.0 N,TMU M50 035.0 S,9039
TMU N81 000.0 N,TMU N31 000.0 E,12208
TMU N81 000.0 N,TMU N31 005.0 E,15498
TMU N81 000.0 N,TMU M50 040.0 S,12300
TMU N81 000.0 N,TMU M11 010.0 N,21707
TMU M50 025.0 N,TMU M01 020.0 N,39784
TMU M50 025.0 N,TMU M01 010.0 S,47433
TMU M50 025.0 N,TMU M01 006.0 N,28280
TMU M50 025.0 N,TMU M01 005.0 N,25658
TMU M50 025.0 N,TMU N01 000.0 N,25631
TMU M50 025.0 N,TMU M01 000.0 N,23393
TMU M50 025.0 N,TMU M50 001.7N,22024
TMU M50 025.0 N,TMU R108 000.0 N,20395
TMU M50 025.0 N,TMU R108 000.0 N1,21132
TMU M50 025.0 N,TMU M50 005.0 N,18531
TMU M50 025.0 N,TMU M02 000.0 N,17907
TMU M50 025.0 N,TMU M50 010.0 N,15050
TMU M50 025.0 N,TMU N03 000.0 N,15072
TMU M50 025.0 N,TMU N03 005.0 S,19085
TMU M50 025.0 N,TMU M50 000.0 N,25805
TMU M50 025.0 N,TMU N01 040.0 S,25879
TMU M50 025.0 N,TMU M50 015.0 S,15262
TMU M50 025.0 N,TMU N04 000.0 W,9999
TMU M50 025.0 N,TMU N04 000.0 E,14507
TMU M50 025.0 N,TMU M50 020.0 N,8240
TMU M50 025.0 N,TMU N07 001.0 E,7272
TMU M50 025.0 N,TMU N07 005.0 E,10964
TMU M50 025.0 N,TMU N07 006.0 E,13872
TMU M50 025.0 N,TMU M50 015.0 N,7093
TMU M50 025.0 N,TMU M50 025.0 S,4991
TMU M50 025.0 N,TMU N81 000.0 N,3341
TMU M50 025.0 N,TMU M50 025.0 N,0
TMU M50 025.0 N,TMU M50 030.0 S,11752
TMU M50 025.0 N,TMU M50 035.0 S,8924
TMU M50 025.0 N,TMU N31 000.0 E,12093
TMU M50 025.0 N,TMU N31 005.0 E,15383
TMU M50 025.0 N,TMU M50 040.0 S,12185
TMU M50 025.0 N,TMU M11 010.0 N,21592
TMU M50 030.0 S,TMU M01 020.0 N,43581
TMU M50 030.0 S,TMU M01 010.0 S,51230
TMU M50 030.0 S,TMU M01 006.0 N,32077
TMU M50 030.0 S,TMU M01 005.0 N,29455
TMU M50 030.0 S,TMU N01 000.0 N,29428
TMU M50 030.0 S,TMU M01 000.0 N,27190
TMU M50 030.0 S,TMU M50 001.7N,25820
TMU M50 030.0 S,TMU R108 000.0 N,24191
TMU M50 030.0 S,TMU R108 000.0 N1,24928
TMU M50 030.0 S,TMU M50 005.0 N,22328
TMU M50 030.0 S,TMU M02 000.0 N,21704
TMU M50 030.0 S,TMU M50 010.0 N,18847
TMU M50 030.0 S,TMU N03 000.0 N,18869
TMU M50 030.0 S,TMU N03 005.0 S,22882
TMU M50 030.0 S,TMU M50 000.0 N,29602
TMU M50 030.0 S,TMU N01 040.0 S,29676
TMU M50 030.0 S,TMU M50 015.0 S,19059
TMU M50 030.0 S,TMU N04 000.0 W,13796
TMU M50 030.0 S,TMU N04 000.0 E,18304
TMU M50 030.0 S,TMU M50 020.0 N,12036
TMU M50 030.0 S,TMU N07 001.0 E,11068
TMU M50 030.0 S,TMU N07 005.0 E,14760
TMU M50 030.0 S,TMU N07 006.0 E,17668
TMU M50 030.0 S,TMU M50 015.0 N,10889
TMU M50 030.0 S,TMU M50 025.0 S,8787
TMU M50 030.0 S,TMU N81 000.0 N,7138
TMU M50 030.0 S,TMU M50 025.0 N,3796
TMU M50 030.0 S,TMU M50 030.0 S,0
TMU M50 030.0 S,TMU M50 035.0 S,9475
TMU M50 030.0 S,TMU N31 000.0 E,12644
TMU M50 030.0 S,TMU N31 005.0 E,15934
TMU M50 030.0 S,TMU M50 040.0 S,12735
TMU M50 030.0 S,TMU M11 010.0 N,22142
TMU M50 035.0 S,TMU M01 020.0 N,50506
TMU M50 035.0 S,TMU M01 010.0 S,58155
TMU M50 035.0 S,TMU M01 006.0 N,39002
TMU M50 035.0 S,TMU M01 005.0 N,36380
TMU M50 035.0 S,TMU N01 000.0 N,36353
TMU M50 035.0 S,TMU M01 000.0 N,34115
TMU M50 035.0 S,TMU M50 001.7N,32745
TMU M50 035.0 S,TMU R108 000.0 N,31116
TMU M50 035.0 S,TMU R108 000.0 N1,31853
TMU M50 035.0 S,TMU M50 005.0 N,29252
TMU M50 035.0 S,TMU M02 000.0 N,28629
TMU M50 035.0 S,TMU M50 010.0 N,25771
TMU M50 035.0 S,TMU N03 000.0 N,25793
TMU M50 035.0 S,TMU N03 005.0 S,29807
TMU M50 035.0 S,TMU M50 000.0 N,36527
TMU M50 035.0 S,TMU N01 040.0 S,36601
TMU M50 035.0 S,TMU M50 015.0 S,25984
TMU M50 035.0 S,TMU N04 000.0 W,20720
TMU M50 035.0 S,TMU N04 000.0 E,25229
TMU M50 035.0 S,TMU M50 020.0 N,18961
TMU M50 035.0 S,TMU N07 001.0 E,17993
TMU M50 035.0 S,TMU N07 005.0 E,21685
TMU M50 035.0 S,TMU N07 006.0 E,24593
TMU M50 035.0 S,TMU M50 015.0 N,17814
TMU M50 035.0 S,TMU M50 025.0 S,15712
TMU M50 035.0 S,TMU N81 000.0 N,14063
TMU M50 035.0 S,TMU M50 025.0 N,10721
TMU M50 035.0 S,TMU M50 030.0 S,6924
TMU M50 035.0 S,TMU M50 035.0 S,0
TMU M50 035.0 S,TMU N31 000.0 E,3169
TMU M50 035.0 S,TMU N31 005.0 E,6459
TMU M50 035.0 S,TMU M50 040.0 S,3261
TMU M50 035.0 S,TMU M11 010.0 N,12668
TMU N31 000.0 E,TMU M01 020.0 N,51854
TMU N31 000.0 E,TMU M01 010.0 S,59503
TMU N31 000.0 E,TMU M01 006.0 N,40350
TMU N31 000.0 E,TMU M01 005.0 N,37728
TMU N31 000.0 E,TMU N01 000.0 N,37701
TMU N31 000.0 E,TMU M01 000.0 N,35463
TMU N31 000.0 E,TMU M50 001.7N,34093
TMU N31 000.0 E,TMU R108 000.0 N,32464
TMU N31 000.0 E,TMU R108 000.0 N1,33201
TMU N31 000.0 E,TMU M50 005.0 N,30601
TMU N31 000.0 E,TMU M02 000.0 N,29977
TMU N31 000.0 E,TMU M50 010.0 N,27120
TMU N31 000.0 E,TMU N03 000.0 N,27142
TMU N31 000.0 E,TMU N03 005.0 S,31155
TMU N31 000.0 E,TMU M50 000.0 N,17171
TMU N31 000.0 E,TMU N01 040.0 S,15384
TMU N31 000.0 E,TMU M50 015.0 S,27332
TMU N31 000.0 E,TMU N04 000.0 W,22068
TMU N31 000.0 E,TMU N04 000.0 E,26577
TMU N31 000.0 E,TMU M50 020.0 N,20309
TMU N31 000.0 E,TMU N07 001.0 E,19341
TMU N31 000.0 E,TMU N07 005.0 E,23033
TMU N31 000.0 E,TMU N07 006.0 E,25941
TMU N31 000.0 E,TMU M50 015.0 N,19162
TMU N31 000.0 E,TMU M50 025.0 S,17060
TMU N31 000.0 E,TMU N81 000.0 N,15411
TMU N31 000.0 E,TMU M50 025.0 N,12069
TMU N31 000.0 E,TMU M50 030.0 S,8273
TMU N31 000.0 E,TMU M50 035.0 S,6585
TMU N31 000.0 E,TMU N31 000.0 E,0
TMU N31 000.0 E,TMU N31 005.0 E,3290
TMU N31 000.0 E,TMU M50 040.0 S,6682
TMU N31 000.0 E,TMU M11 010.0 N,11628
TMU N31 005.0 E,TMU M01 020.0 N,33283
TMU N31 005.0 E,TMU M01 010.0 S,40932
TMU N31 005.0 E,TMU M01 006.0 N,21779
TMU N31 005.0 E,TMU M01 005.0 N,19157
TMU N31 005.0 E,TMU N01 000.0 N,19130
TMU N31 005.0 E,TMU M01 000.0 N,36872
TMU N31 005.0 E,TMU M50 001.7N,35502
TMU N31 005.0 E,TMU R108 000.0 N,33873
TMU N31 005.0 E,TMU R108 000.0 N1,19170
TMU N31 005.0 E,TMU M50 005.0 N,32009
TMU N31 005.0 E,TMU M02 000.0 N,31386
TMU N31 005.0 E,TMU M50 010.0 N,28528
TMU N31 005.0 E,TMU N03 000.0 N,28550
TMU N31 005.0 E,TMU N03 005.0 S,32564
TMU N31 005.0 E,TMU M50 000.0 N,15099
TMU N31 005.0 E,TMU N01 040.0 S,13312
TMU N31 005.0 E,TMU M50 015.0 S,28741
TMU N31 005.0 E,TMU N04 000.0 W,23477
TMU N31 005.0 E,TMU N04 000.0 E,27986
TMU N31 005.0 E,TMU M50 020.0 N,21718
TMU N31 005.0 E,TMU N07 001.0 E,20750
TMU N31 005.0 E,TMU N07 005.0 E,24442
TMU N31 005.0 E,TMU N07 006.0 E,27350
TMU N31 005.0 E,TMU M50 015.0 N,20571
TMU N31 005.0 E,TMU M50 025.0 S,18469
TMU N31 005.0 E,TMU N81 000.0 N,16820
TMU N31 005.0 E,TMU M50 025.0 N,13478
TMU N31 005.0 E,TMU M50 030.0 S,9681
TMU N31 005.0 E,TMU M50 035.0 S,7994
TMU N31 005.0 E,TMU N31 000.0 E,5093
TMU N31 005.0 E,TMU N31 005.0 E,0
TMU N31 005.0 E,TMU M50 040.0 S,7163
TMU N31 005.0 E,TMU M11 010.0 N,14254
TMU M50 040.0 S,TMU M01 020.0 N,53296
TMU M50 040.0 S,TMU M01 010.0 S,60945
TMU M50 040.0 S,TMU M01 006.0 N,41792
TMU M50 040.0 S,TMU M01 005.0 N,39170
TMU M50 040.0 S,TMU N01 000.0 N,39143
TMU M50 040.0 S,TMU M01 000.0 N,36905
TMU M50 040.0 S,TMU M50 001.7N,35536
TMU M50 040.0 S,TMU R108 000.0 N,33907
TMU M50 040.0 S,TMU R108 000.0 N1,34644
TMU M50 040.0 S,TMU M50 005.0 N,32043
TMU M50 040.0 S,TMU M02 000.0 N,31419
TMU M50 040.0 S,TMU M50 010.0 N,28562
TMU M50 040.0 S,TMU N03 000.0 N,28584
TMU M50 040.0 S,TMU N03 005.0 S,32597
TMU M50 040.0 S,TMU M50 000.0 N,39317
TMU M50 040.0 S,TMU N01 040.0 S,39391
TMU M50 040.0 S,TMU M50 015.0 S,28774
TMU M50 040.0 S,TMU N04 000.0 W,23510
TMU M50 040.0 S,TMU N04 000.0 E,28019
TMU M50 040.0 S,TMU M50 020.0 N,21752
TMU M50 040.0 S,TMU N07 001.0 E,20784
TMU M50 040.0 S,TMU N07 005.0 E,24476
TMU M50 040.0 S,TMU N07 006.0 E,27384
TMU M50 040.0 S,TMU M50 015.0 N,20605
TMU M50 040.0 S,TMU M50 025.0 S,18503
TMU M50 040.0 S,TMU N81 000.0 N,16853
TMU M50 040.0 S,TMU M50 025.0 N,13512
TMU M50 040.0 S,TMU M50 030.0 S,9715
TMU M50 040.0 S,TMU M50 035.0 S,7541
TMU M50 040.0 S,TMU N31 000.0 E,6583
TMU M50 040.0 S,TMU N31 005.0 E,8854
TMU M50 040.0 S,TMU M50 040.0 S,0
TMU M50 040.0 S,TMU M11 010.0 N,9407
TMU M11 010.0 N,TMU M01 020.0 N,56536
TMU M11 010.0 N,TMU M01 010.0 S,64185
TMU M11 010.0 N,TMU M01 006.0 N,45032
TMU M11 010.0 N,TMU M01 005.0 N,42410
TMU M11 010.0 N,TMU N01 000.0 N,42383
TMU M11 010.0 N,TMU M01 000.0 N,40145
TMU M11 010.0 N,TMU M50 001.7N,38776
TMU M11 010.0 N,TMU R108 000.0 N,37147
TMU M11 010.0 N,TMU R108 000.0 N1,37884
TMU M11 010.0 N,TMU M50 005.0 N,35283
TMU M11 010.0 N,TMU M02 000.0 N,34659
TMU M11 010.0 N,TMU M50 010.0 N,31802
TMU M11 010.0 N,TMU N03 000.0 N,31824
TMU M11 010.0 N,TMU N03 005.0 S,35837
TMU M11 010.0 N,TMU M50 000.0 N,42557
TMU M11 010.0 N,TMU N01 040.0 S,42631
TMU M11 010.0 N,TMU M50 015.0 S,32014
TMU M11 010.0 N,TMU N04 000.0 W,26751
TMU M11 010.0 N,TMU N04 000.0 E,31259
TMU M11 010.0 N,TMU M50 020.0 N,24992
TMU M11 010.0 N,TMU N07 001.0 E,24024
TMU M11 010.0 N,TMU N07 005.0 E,27716
TMU M11 010.0 N,TMU N07 006.0 E,30624
TMU M11 010.0 N,TMU M50 015.0 N,23845
TMU M11 010.0 N,TMU M50 025.0 S,21743
TMU M11 010.0 N,TMU N81 000.0 N,20093
TMU M11 010.0 N,TMU M50 025.0 N,16752
TMU M11 010.0 N,TMU M50 030.0 S,12955
TMU M11 010.0 N,TMU M50 035.0 S,10781
TMU M11 010.0 N,TMU N31 000.0 E,9922
TMU M11 010.0 N,TMU N31 005.0 E,11423
TMU M11 010.0 N,TMU M50 040.0 S,10853
TMU M11 010.0 N,TMU M11 010.0 N,0
